frame_num,time_s,
0,0.027,
1,0.078,
2,0.128,
3,0.179,
4,0.229,
5,0.280,
6,0.330,
7,0.380,
8,0.430,
9,0.481,
10,0.531,
11,0.581,
12,0.631,
13,0.682,
14,0.732,
15,0.782,
16,0.841,
17,0.909,
18,0.973,
19,1.040,
20,1.109,
21,1.172,
22,1.240,
23,1.309,
24,1.373,
25,1.441,
26,1.509,
27,1.573,
28,1.640,
29,1.708,
30,1.773,
31,1.840,
32,1.904,
33,1.972,
34,2.041,
35,2.104,
36,2.172,
37,2.240,
38,2.305,
39,2.372,
40,2.441,
41,2.504,
42,2.572,
43,2.640,
44,2.705,
45,2.772,
46,2.836,
47,2.904,
48,2.973,
49,3.037,
50,3.105,
51,3.172,
52,3.236,
53,3.305,
54,3.373,
55,3.436,
56,3.504,
57,3.572,
58,3.636,
59,3.705,
60,3.772,
61,3.836,
62,3.905,
63,3.969,
64,4.037,
65,4.104,
66,4.168,
67,4.237,
68,4.305,
69,4.369,
70,4.436,
71,4.504,
72,4.568,
73,4.637,
74,4.704,
75,4.768,
76,4.836,
77,4.905,
78,4.969,
79,5.036,
80,5.100,
81,5.169,
82,5.237,
83,5.301,
84,5.368,
85,5.436,
86,5.501,
87,5.568,
88,5.638,
89,5.700,
90,5.768,
91,5.837,
92,5.900,
93,5.968,
94,6.032,
95,6.100,
96,6.168,
97,6.232,
98,6.300,
99,6.368,
100,6.433,
101,6.501,
102,6.568,
103,6.633,
104,6.700,
105,6.769,
106,6.833,
107,6.900,
108,6.968,
109,7.032,
110,7.101,
111,7.164,
112,7.232,
113,7.300,
114,7.364,
115,7.433,
116,7.500,
117,7.564,
118,7.632,
119,7.701,
120,7.765,
121,7.832,
122,7.900,
123,7.964,
124,8.033,
125,8.100,
126,8.164,
127,8.232,
128,8.297,
129,8.364,
130,8.433,
131,8.496,
132,8.564,
133,8.632,
134,8.696,
135,8.764,
136,8.832,
137,8.896,
138,8.965,
139,9.032,
140,9.096,
141,9.164,
142,9.228,
143,9.296,
144,9.365,
145,9.428,
146,9.496,
147,9.564,
148,9.628,
149,9.697,
150,9.764,
151,9.828,
152,9.896,
153,9.964,
154,10.028,
155,10.096,
156,10.164,
157,10.229,
158,10.297,
159,10.360,
160,10.428,
161,10.496,
162,10.560,
163,10.628,
164,10.696,
165,10.760,
166,10.828,
167,10.896,
168,10.960,
169,11.028,
170,11.096,
171,11.160,
172,11.229,
173,11.296,
174,11.360,
175,11.428,
176,11.492,
177,11.561,
178,11.628,
179,11.692,
180,11.760,
181,11.828,
182,11.892,
183,11.960,
184,12.027,
185,12.092,
186,12.160,
187,12.228,
188,12.292,
189,12.360,
190,12.424,
191,12.492,
192,12.560,
193,12.624,
194,12.692,
195,12.761,
196,12.824,
197,12.892,
198,12.960,
199,13.023,
200,13.092,
201,13.160,
202,13.223,
203,13.291,
204,13.360,
205,13.425,
206,13.492,
207,13.556,
208,13.624,
209,13.691,
210,13.756,
211,13.824,
212,13.892,
213,13.956,
214,14.024,
215,14.092,
216,14.156,
217,14.224,
218,14.292,
219,14.356,
220,14.424,
221,14.492,
222,14.555,
223,14.624,
224,14.687,
225,14.755,
226,14.823,
227,14.888,
228,14.956,
229,15.024,
230,15.087,
231,15.155,
232,15.224,
233,15.288,
234,15.356,
235,15.424,
236,15.487,
237,15.556,
238,15.620,
239,15.688,
240,15.755,
241,15.819,
242,15.888,
243,15.956,
244,16.019,
245,16.087,
246,16.156,
247,16.219,
248,16.288,
249,16.355,
250,16.420,
251,16.488,
252,16.556,
253,16.619,
254,16.688,
255,16.752,
256,16.820,
257,16.888,
258,16.951,
259,17.019,
260,17.087,
261,17.151,
262,17.220,
263,17.287,
264,17.352,
265,17.420,
266,17.488,
267,17.551,
268,17.619,
269,17.684,
270,17.752,
271,17.819,
272,17.883,
273,17.951,
274,18.019,
275,18.084,
276,18.151,
277,18.219,
278,18.284,
279,18.351,
280,18.420,
281,18.483,
282,18.551,
283,18.619,
284,18.684,
285,18.752,
286,18.815,
287,18.883,
288,18.951,
289,19.015,
290,19.084,
291,19.151,
292,19.215,
293,19.284,
294,19.352,
295,19.416,
296,19.483,
297,19.551,
298,19.616,
299,19.684,
300,19.751,
301,19.816,
302,19.883,
303,19.947,
304,20.015,
305,20.083,
306,20.147,
307,20.216,
308,20.284,
309,20.347,
310,20.416,
311,20.483,
312,20.547,
313,20.616,
314,20.683,
315,20.747,
316,20.815,
317,20.879,
318,20.947,
319,21.015,
320,21.079,
321,21.148,
322,21.216,
323,21.280,
324,21.348,
325,21.415,
326,21.480,
327,21.547,
328,21.615,
329,21.679,
330,21.748,
331,21.816,
332,21.879,
333,21.948,
334,22.011,
335,22.079,
336,22.147,
337,22.211,
338,22.279,
339,22.347,
340,22.412,
341,22.480,
342,22.547,
343,22.612,
344,22.680,
345,22.748,
346,22.811,
347,22.879,
348,22.948,
349,23.011,
350,23.080,
351,23.143,
352,23.211,
353,23.279,
354,23.344,
355,23.411,
356,23.479,
357,23.543,
358,23.611,
359,23.680,
360,23.744,
361,23.811,
362,23.879,
363,23.944,
364,24.012,
365,24.075,
366,24.143,
367,24.211,
368,24.275,
369,24.343,
370,24.411,
371,24.475,
372,24.543,
373,24.611,
374,24.676,
375,24.743,
376,24.811,
377,24.875,
378,24.944,
379,25.012,
380,25.075,
381,25.143,
382,25.208,
383,25.275,
384,25.343,
385,25.407,
386,25.475,
387,25.544,
388,25.607,
389,25.675,
390,25.743,
391,25.807,
392,25.875,
393,25.943,
394,26.007,
395,26.075,
396,26.142,
397,26.207,
398,26.275,
399,26.339,
400,26.407,
401,26.475,
402,26.539,
403,26.607,
404,26.675,
405,26.739,
406,26.807,
407,26.875,
408,26.939,
409,27.007,
410,27.075,
411,27.139,
412,27.207,
413,27.271,
414,27.338,
415,27.407,
416,27.472,
417,27.539,
418,27.607,
419,27.671,
420,27.739,
421,27.807,
422,27.871,
423,27.939,
424,28.007,
425,28.071,
426,28.138,
427,28.207,
428,28.271,
429,28.340,
430,28.403,
431,28.471,
432,28.539,
433,28.602,
434,28.671,
435,28.739,
436,28.803,
437,28.871,
438,28.939,
439,29.003,
440,29.071,
441,29.139,
442,29.202,
443,29.271,
444,29.339,
445,29.403,
446,29.471,
447,29.535,
448,29.603,
449,29.671,
450,29.735,
451,29.803,
452,29.871,
453,29.935,
454,30.003,
455,30.071,
456,30.135,
