0.23006590086884707,SUCCESS,0.02176741250804036,TRI_PRISM,SMALL,RIGID,STRING,FRONT,FAR,1785481068.977,
0.22291979198771839,SUCCESS,0.021328827313225947,CYLINDER,SMALL,RIGID,STRING,FRONT,CENTER,1785464677.696,
0.14275195667166918,SUCCESS,0.016867264418166054,ASYM_RECT,SMALL,RIGID,STRING,FRONT,CLOSE,1785482924.083,
0.22981884359020005,SUCCESS,0.0167403208455248,TRI_PRISM,SMALL,COMPLIANT,STRING,FRONT,CLOSE,1785478183.786,
0.2853115784075952,SUCCESS,0.01655793431886257,CYLINDER,SMALL,COMPLIANT,STRING,FRONT,CLOSE,1785465401.070,
0.21355871257019918,SUCCESS,0.01646186887385687,CYLINDER,SMALL,COMPLIANT,FREE,FRONT,CENTER,1785455211.938,
0.16055612860154025,SUCCESS,0.016443946182661522,CYLINDER,LARGE,COMPLIANT,STRING,FRONT,CENTER,1785488318.181,
0.3045707074536284,SUCCESS,0.01586833338851641,PLANE,SMALL,RIGID,FREE,FRONT,CENTER,1785545281.667,
0.191944665014695,SUCCESS,0.014630283780267895,CYLINDER,LARGE,COMPLIANT,STRING,FRONT,CLOSE,1785486373.249,
0.15099153538335722,SUCCESS,0.01376860858122678,ASYM_RECT,SMALL,RIGID,STRING,FRONT,FAR,1785484648.276,
0.17586093145881324,SUCCESS,0.013640172708940914,ASYM_RECT,SMALL,COMPLIANT,STRING,FRONT,FAR,1785484563.244,
0.1425177899461732,SUCCESS,0.013602459006783897,CYLINDER,LARGE,RIGID,STRING,FRONT,CLOSE,1785486635.899,
0.26151518769750076,SUCCESS,0.013579497935527833,TRI_PRISM,LARGE,COMPLIANT,FREE,FRONT,CLOSE,1785491952.933,
0.2111134192111324,SUCCESS,0.013242534316603887,CYLINDER,SMALL,COMPLIANT,FREE,FRONT,CLOSE,1785460763.094,
0.1924863524077402,SUCCESS,0.01259502465996812,ASYM_RECT,SMALL,COMPLIANT,STRING,FRONT,CLOSE,1785482831.108,
0.16148488377544729,SUCCESS,0.012485388932518686,PLANE,SMALL,COMPLIANT,FREE,FRONT,FAR,1785545576.644,
0.19521572355640718,SUCCESS,0.012294028784155316,CYLINDER,LARGE,RIGID,STRING,FRONT,CENTER,1785490640.384,
0.1751322029822145,SUCCESS,0.011227518146716001,ASYM_RECT,LARGE,COMPLIANT,STRING,FRONT,FAR,1785498950.251,
0.24345435835258095,SUCCESS,0.011148347735001991,CYLINDER,LARGE,COMPLIANT,FREE,FRONT,CLOSE,1785486157.481,
0.1508143507758262,SUCCESS,0.010844419018247847,CYLINDER,SMALL,COMPLIANT,STRING,FRONT,CENTER,1785465197.868,
0.15970220022890033,SUCCESS,0.01053765041909743,TRI_PRISM,LARGE,COMPLIANT,FREE,FRONT,CENTER,1785493820.692,
0.16406029841458358,SUCCESS,0.010426399657933528,CYLINDER,SMALL,RIGID,STRING,FRONT,CLOSE,1785465605.520,
0.1922952283199757,SUCCESS,0.010422833741546067,CYLINDER,SMALL,COMPLIANT,FREE,FRONT,CLOSE,1785457144.476,
0.19064932876413665,SUCCESS,0.010047877652551721,CYLINDER,SMALL,RIGID,FREE,FRONT,CENTER,1785463047.488,
0.1639500949398565,SUCCESS,0.009888446337334229,TRI_PRISM,SMALL,RIGID,STRING,FRONT,CLOSE,1785478508.266,
0.18100922970601685,SUCCESS,0.00973439225013786,PLANE,SMALL,COMPLIANT,STRING,FRONT,FAR,1785545746.653,
0.16267634012558985,SUCCESS,0.009085231306529398,PLANE,SMALL,RIGID,STRING,FRONT,FAR,1785545947.362,
0.21144663865490063,SUCCESS,0.009002231347220377,PLANE,LARGE,RIGID,STRING,FRONT,FAR,1785546890.862,
0.22366244945610964,SUCCESS,0.008852538693208265,CYLINDER,LARGE,COMPLIANT,FREE,FRONT,CLOSE,1785486247.689,
0.18705502394817455,SUCCESS,0.008761621359839539,CYLINDER,LARGE,COMPLIANT,FREE,FRONT,CENTER,1785488061.179,
0.23979462750924438,SUCCESS,0.008580231882810515,CYLINDER,LARGE,RIGID,FREE,FRONT,FAR,1785487336.589,
0.17596315320345465,SUCCESS,0.008307982033954551,TRI_PRISM,SMALL,RIGID,FREE,FRONT,CLOSE,1785478629.076,
0.27066908370462445,SUCCESS,0.008154566907926285,PLANE,LARGE,RIGID,FREE,FRONT,FAR,1785546515.307,
0.2408983302583462,SUCCESS,0.008073815718155465,ASYM_RECT,LARGE,RIGID,FREE,FRONT,CENTER,1785500705.054,
0.1489654079392061,SUCCESS,0.008033699554393583,CYLINDER,LARGE,RIGID,FREE,FRONT,CLOSE,1785486735.586,
0.1873339974469035,SUCCESS,0.007910918406126604,ASYM_RECT,SMALL,RIGID,FREE,FRONT,FAR,1785484805.148,
0.2427777242021248,SUCCESS,0.0074241620622185886,PLANE,SMALL,COMPLIANT,FREE,FRONT,CENTER,1785544813.939,
0.23445083481665968,SUCCESS,0.007263985523591186,CYLINDER,LARGE,RIGID,FREE,FRONT,CENTER,1785490136.421,
0.2314968962692153,SUCCESS,0.00716873979619114,ASYM_RECT,LARGE,COMPLIANT,FREE,FRONT,CLOSE,1785497372.996,
0.15244443237826308,SUCCESS,0.007081237994487204,CYLINDER,SMALL,RIGID,FREE,FRONT,CLOSE,1785459737.963,
0.23587114865202632,SUCCESS,0.007081034863023002,CYLINDER,SMALL,RIGID,FREE,FRONT,CLOSE,1785459876.544,
0.22504422024947834,SUCCESS,0.007069973804922953,PLANE,LARGE,RIGID,FREE,FRONT,FAR,1785546617.288,
0.22545422722539135,SUCCESS,0.0069784953319280375,TRI_PRISM,SMALL,COMPLIANT,FREE,FRONT,CLOSE,1785477490.536,
0.22311892980804057,SUCCESS,0.006824727741152104,CYLINDER,SMALL,COMPLIANT,FREE,FRONT,CENTER,1785456771.011,
0.24651867225034294,SUCCESS,0.0068083468113734665,PLANE,SMALL,RIGID,FREE,FRONT,FAR,1785546184.445,
0.164339302248945,SUCCESS,0.006599046245781493,TRI_PRISM,SMALL,RIGID,FREE,FRONT,CENTER,1785478889.442,
0.17417164240621238,SUCCESS,0.006564950363727002,CYLINDER,SMALL,COMPLIANT,FREE,FRONT,CENTER,1785456365.349,
0.24452626931381694,SUCCESS,0.0065499107271453395,ASYM_RECT,LARGE,RIGID,FREE,FRONT,FAR,1785498466.669,
0.2179109145028229,SUCCESS,0.006519533012823069,ASYM_RECT,LARGE,COMPLIANT,FREE,FRONT,CLOSE,1785497447.486,
0.15630649735020483,SUCCESS,0.006333779745077302,PLANE,SMALL,RIGID,FREE,FRONT,FAR,1785546287.405,
0.22589106812775422,SUCCESS,0.006216048985163561,CYLINDER,SMALL,RIGID,FREE,FRONT,FAR,1785463230.265,
0.21705221355152834,SUCCESS,0.006129644245933415,ASYM_RECT,LARGE,COMPLIANT,STRING,FRONT,CLOSE,1785497896.888,
0.24568476135851544,SUCCESS,0.0060921228344678,TRI_PRISM,SMALL,COMPLIANT,FREE,FRONT,CLOSE,1785477424.297,
0.15247629251703365,SUCCESS,0.005947183671397681,CYLINDER,SMALL,RIGID,FREE,FRONT,FAR,1785463359.255,
0.23953000296511084,SUCCESS,0.005823027656929592,PLANE,LARGE,COMPLIANT,FREE,FRONT,FAR,1785547282.201,
0.25678403852708015,SUCCESS,0.0057533688061237155,PLANE,LARGE,COMPLIANT,FREE,FRONT,FAR,1785547223.534,
0.2618606775005441,SUCCESS,0.005745242936461299,CYLINDER,LARGE,RIGID,FREE,FRONT,FAR,1785487208.001,
0.22336187576574756,SUCCESS,0.005649638856202246,PLANE,LARGE,RIGID,FREE,FRONT,FAR,1785546728.171,
0.2090947549274231,SUCCESS,0.005226229417726469,CYLINDER,SMALL,COMPLIANT,FREE,FRONT,CLOSE,1785460593.094,
0.16575819702767094,SUCCESS,0.005196889329105531,CYLINDER,SMALL,COMPLIANT,FREE,FRONT,FAR,1785463622.355,
0.2187885424347329,SUCCESS,0.005067002699746754,ASYM_RECT,LARGE,COMPLIANT,FREE,FRONT,CLOSE,1785497972.545,
0.20796005240906637,SUCCESS,0.005015496151368343,PLANE,SMALL,RIGID,FREE,FRONT,FAR,1785546125.899,
0.19824977693297083,SUCCESS,0.005006006872412199,ASYM_RECT,SMALL,COMPLIANT,FREE,FRONT,CLOSE,1785482322.625,
0.16890106271345337,SUCCESS,0.004888818781997876,TRI_PRISM,SMALL,COMPLIANT,FREE,FRONT,CLOSE,1785478016.551,
0.1547096802436204,SUCCESS,0.004208963295646134,PLANE,SMALL,COMPLIANT,FREE,FRONT,FAR,1785545690.683,
0.17167912175501687,SUCCESS,0.003924102183021548,PLANE,SMALL,COMPLIANT,FREE,FRONT,CENTER,1785544741.595,
0.17004531985259633,SUCCESS,0.0031041729541950868,PLANE,SMALL,RIGID,FREE,FRONT,FAR,1785546235.909,
